{
    "root_group": {
        "name": "",
        "path": "",
        "id": "d41d8cd98f00b204e9800998ecf8427e",
        "groups": {},
        "checks": {
                "get status is not 5xx": {
                    "id": "f3ac03993d4387fc921a0f07e3878707",
                    "passes": 112,
                    "fails": 0,
                    "name": "get status is not 5xx",
                    "path": "::get status is not 5xx"
                },
                "list status is not 5xx": {
                    "name": "list status is not 5xx",
                    "path": "::list status is not 5xx",
                    "id": "e130e3748b672814a3724db1808722b1",
                    "passes": 408,
                    "fails": 0
                },
                "create status is not 5xx": {
                    "passes": 64,
                    "fails": 1,
                    "name": "create status is not 5xx",
                    "path": "::create status is not 5xx",
                    "id": "1dcb9767cabef635dcc38424c31a1f98"
                }
            }
    },
    "metrics": {
        "data_received": {
            "count": 26066318,
            "rate": 239361.57044251802
        },
        "iteration_duration": {
            "p(90)": 755.6661498000001,
            "p(95)": 897.5485665999998,
            "avg": 818.4977603965799,
            "min": 503.880167,
            "med": 536.719042,
            "max": 20502.050292
        },
        "http_reqs": {
            "count": 585,
            "rate": 5.37193318630092
        },
        "vus": {
            "value": 1,
            "min": 1,
            "max": 5
        },
        "http_req_connecting": {
            "avg": 0.0020615384615384614,
            "min": 0,
            "med": 0,
            "max": 0.251,
            "p(90)": 0,
            "p(95)": 0
        },
        "http_req_sending": {
            "med": 0.021,
            "max": 0.865,
            "p(90)": 0.038,
            "p(95)": 0.05079999999999997,
            "avg": 0.028382905982905975,
            "min": 0.006
        },
        "http_req_blocked": {
            "max": 15.827,
            "p(90)": 0.012,
            "p(95)": 0.014,
            "avg": 0.049312820512820675,
            "min": 0.002,
            "med": 0.007
        },
        "http_req_failed": {
            "passes": 2,
            "fails": 583,
            "value": 0.003418803418803419
        },
        "http_req_duration": {
            "min": 3.657,
            "med": 35.66,
            "max": 20000.3,
            "p(90)": 254.39640000000003,
            "p(95)": 392.16799999999995,
            "avg": 317.42792649572647
        },
        "data_sent": {
            "count": 52406,
            "rate": 481.2333855748479
        },
        "http_req_waiting": {
            "med": 35.512,
            "max": 20000.261,
            "p(90)": 254.29740000000004,
            "p(95)": 391.98279999999994,
            "avg": 317.2804393162393,
            "min": 3.623
        },
        "http_req_tls_handshaking": {
            "p(95)": 0,
            "avg": 0,
            "min": 0,
            "med": 0,
            "max": 0,
            "p(90)": 0
        },
        "http_req_receiving": {
            "min": 0,
            "med": 0.09,
            "max": 2.742,
            "p(90)": 0.16260000000000002,
            "p(95)": 0.21379999999999996,
            "avg": 0.11910427350427355
        },
        "checks": {
            "passes": 584,
            "fails": 1,
            "value": 0.9982905982905983
        },
        "vus_max": {
            "min": 5,
            "max": 5,
            "value": 5
        },
        "http_req_duration{expected_response:true}": {
            "max": 14936.983,
            "p(90)": 239.69360000000017,
            "p(95)": 385.1405999999999,
            "avg": 278.87743567753,
            "min": 3.657,
            "med": 35.538
        },
        "iterations": {
            "count": 585,
            "rate": 5.37193318630092
        }
    }
}