{
    "root_group": {
        "name": "",
        "path": "",
        "id": "d41d8cd98f00b204e9800998ecf8427e",
        "groups": {},
        "checks": {
                "list status is not 5xx": {
                    "passes": 1414,
                    "fails": 0,
                    "name": "list status is not 5xx",
                    "path": "::list status is not 5xx",
                    "id": "e130e3748b672814a3724db1808722b1"
                },
                "create status is not 5xx": {
                    "id": "1dcb9767cabef635dcc38424c31a1f98",
                    "passes": 217,
                    "fails": 0,
                    "name": "create status is not 5xx",
                    "path": "::create status is not 5xx"
                },
                "get status is not 5xx": {
                    "name": "get status is not 5xx",
                    "path": "::get status is not 5xx",
                    "id": "f3ac03993d4387fc921a0f07e3878707",
                    "passes": 389,
                    "fails": 0
                }
            }
    },
    "metrics": {
        "http_req_tls_handshaking": {
            "p(95)": 0,
            "avg": 0,
            "min": 0,
            "med": 0,
            "max": 0,
            "p(90)": 0
        },
        "data_received": {
            "count": 27780719,
            "rate": 115552.98372938384
        },
        "vus": {
            "max": 5,
            "value": 5,
            "min": 5
        },
        "http_req_duration": {
            "med": 27.674999999999997,
            "max": 7163.782,
            "p(90)": 169.08240000000004,
            "p(95)": 211.3894499999997,
            "avg": 93.69505643564348,
            "min": 3.347
        },
        "http_req_duration{expected_response:true}": {
            "avg": 93.69505643564348,
            "min": 3.347,
            "med": 27.674999999999997,
            "max": 7163.782,
            "p(90)": 169.08240000000004,
            "p(95)": 211.3894499999997
        },
        "http_reqs": {
            "count": 2020,
            "rate": 8.402123326374502
        },
        "iterations": {
            "count": 2020,
            "rate": 8.402123326374502
        },
        "data_sent": {
            "count": 180342,
            "rate": 750.1265964975399
        },
        "http_req_failed": {
            "passes": 0,
            "fails": 2020,
            "value": 0
        },
        "http_req_sending": {
            "avg": 0.048889108910891606,
            "min": 0.004,
            "med": 0.022,
            "max": 19.166,
            "p(90)": 0.037,
            "p(95)": 0.045
        },
        "http_req_waiting": {
            "avg": 93.51482574257402,
            "min": 3.297,
            "med": 27.616,
            "max": 7150.639,
            "p(90)": 169.03610000000003,
            "p(95)": 211.3377999999997
        },
        "checks": {
            "fails": 0,
            "passes": 2020,
            "value": 1
        },
        "http_req_blocked": {
            "avg": 0.05029851485148554,
            "min": 0.001,
            "med": 0.007,
            "max": 50.382,
            "p(90)": 0.012,
            "p(95)": 0.014
        },
        "http_req_connecting": {
            "p(95)": 0,
            "avg": 0.0009975247524752475,
            "min": 0,
            "med": 0,
            "max": 0.419,
            "p(90)": 0
        },
        "vus_max": {
            "value": 5,
            "min": 5,
            "max": 5
        },
        "iteration_duration": {
            "avg": 594.6635251603954,
            "min": 503.661083,
            "med": 528.4131454999999,
            "max": 7677.600917,
            "p(90)": 670.3896163000001,
            "p(95)": 711.9838910499997
        },
        "http_req_receiving": {
            "avg": 0.13134158415841624,
            "min": 0.014,
            "med": 0.063,
            "max": 92.674,
            "p(90)": 0.124,
            "p(95)": 0.146
        }
    }
}