{
    "root_group": {
        "groups": {},
        "checks": {
                "list status is not 5xx": {
                    "name": "list status is not 5xx",
                    "path": "::list status is not 5xx",
                    "id": "e130e3748b672814a3724db1808722b1",
                    "passes": 391,
                    "fails": 0
                },
                "get status is not 5xx": {
                    "name": "get status is not 5xx",
                    "path": "::get status is not 5xx",
                    "id": "f3ac03993d4387fc921a0f07e3878707",
                    "passes": 118,
                    "fails": 0
                },
                "create status is not 5xx": {
                    "name": "create status is not 5xx",
                    "path": "::create status is not 5xx",
                    "id": "1dcb9767cabef635dcc38424c31a1f98",
                    "passes": 56,
                    "fails": 0
                }
            },
        "name": "",
        "path": "",
        "id": "d41d8cd98f00b204e9800998ecf8427e"
    },
    "metrics": {
        "data_sent": {
            "count": 49952,
            "rate": 827.7562554117889
        },
        "http_req_receiving": {
            "avg": 0.09463539823008842,
            "min": 0.017,
            "med": 0.087,
            "max": 0.524,
            "p(90)": 0.1486,
            "p(95)": 0.172
        },
        "data_received": {
            "count": 10673951,
            "rate": 176878.39746574548
        },
        "vus": {
            "value": 5,
            "min": 5,
            "max": 5
        },
        "http_req_duration": {
            "med": 17.775,
            "max": 631.846,
            "p(90)": 35.641000000000005,
            "p(95)": 116.5901999999999,
            "avg": 31.311249557522125,
            "min": 3.561
        },
        "http_req_duration{expected_response:true}": {
            "avg": 31.311249557522125,
            "min": 3.561,
            "med": 17.775,
            "max": 631.846,
            "p(90)": 35.641000000000005,
            "p(95)": 116.5901999999999
        },
        "http_req_tls_handshaking": {
            "max": 0,
            "p(90)": 0,
            "p(95)": 0,
            "avg": 0,
            "min": 0,
            "med": 0
        },
        "http_reqs": {
            "count": 565,
            "rate": 9.362633814615243
        },
        "http_req_blocked": {
            "p(95)": 0.014,
            "avg": 0.08364778761061983,
            "min": 0.001,
            "med": 0.009,
            "max": 8.357,
            "p(90)": 0.012
        },
        "http_req_sending": {
            "med": 0.029,
            "max": 0.689,
            "p(90)": 0.04260000000000001,
            "p(95)": 0.05439999999999993,
            "avg": 0.03486371681415927,
            "min": 0.007
        },
        "iteration_duration": {
            "med": 518.846333,
            "max": 1145.500292,
            "p(90)": 536.3010838,
            "p(95)": 617.5289832,
            "avg": 532.4624614141588,
            "min": 504.074416
        },
        "http_req_waiting": {
            "avg": 31.181750442477874,
            "min": 3.473,
            "med": 17.648,
            "max": 631.315,
            "p(90)": 35.531200000000005,
            "p(95)": 116.4899999999999
        },
        "iterations": {
            "count": 565,
            "rate": 9.362633814615243
        },
        "http_req_failed": {
            "passes": 0,
            "fails": 565,
            "value": 0
        },
        "checks": {
            "passes": 565,
            "fails": 0,
            "value": 1
        },
        "vus_max": {
            "value": 5,
            "min": 5,
            "max": 5
        },
        "http_req_connecting": {
            "max": 1.487,
            "p(90)": 0,
            "p(95)": 0,
            "avg": 0.012704424778761061,
            "min": 0,
            "med": 0
        }
    }
}