{
    "metrics": {
        "http_req_connecting": {
            "min": 0,
            "med": 0,
            "max": 0.248,
            "p(90)": 0,
            "p(95)": 0,
            "avg": 0.0016916524701873932
        },
        "http_req_waiting": {
            "max": 15545.704,
            "p(90)": 307.9124000000003,
            "p(95)": 3468.6273999999985,
            "avg": 524.5976695059624,
            "min": 3.816,
            "med": 33.506
        },
        "checks": {
            "passes": 580,
            "fails": 7,
            "value": 0.9880749574105622
        },
        "data_sent": {
            "count": 52482,
            "rate": 434.62808727492984
        },
        "iteration_duration": {
            "avg": 1025.8971204701868,
            "min": 504.234584,
            "med": 534.688375,
            "max": 16047.56825,
            "p(90)": 809.1616252000002,
            "p(95)": 3970.057866799999
        },
        "vus": {
            "value": 5,
            "min": 5,
            "max": 5
        },
        "iterations": {
            "count": 587,
            "rate": 4.861222652154717
        },
        "http_req_duration{expected_response:true}": {
            "med": 33.5835,
            "max": 15545.892,
            "p(90)": 259.8430000000003,
            "p(95)": 3332.1786499999976,
            "avg": 490.02183275862006,
            "min": 3.917
        },
        "http_req_sending": {
            "avg": 0.03211413969335598,
            "min": 0.008,
            "med": 0.029,
            "max": 0.871,
            "p(90)": 0.045,
            "p(95)": 0.059399999999999946
        },
        "http_req_failed": {
            "passes": 7,
            "fails": 580,
            "value": 0.01192504258943782
        },
        "data_received": {
            "count": 29689224,
            "rate": 245870.40584956636
        },
        "http_reqs": {
            "count": 587,
            "rate": 4.861222652154717
        },
        "http_req_receiving": {
            "max": 2.599,
            "p(90)": 0.21460000000000004,
            "p(95)": 0.28319999999999984,
            "avg": 0.14085178875638846,
            "min": 0.018,
            "med": 0.107
        },
        "vus_max": {
            "value": 5,
            "min": 5,
            "max": 5
        },
        "http_req_duration": {
            "med": 33.71,
            "max": 15545.892,
            "p(90)": 308.2618000000003,
            "p(95)": 3468.8160999999986,
            "avg": 524.7706354344118,
            "min": 3.917
        },
        "http_req_blocked": {
            "med": 0.009,
            "max": 1.684,
            "p(90)": 0.012400000000000013,
            "p(95)": 0.015,
            "avg": 0.02307325383304935,
            "min": 0.003
        },
        "http_req_tls_handshaking": {
            "min": 0,
            "med": 0,
            "max": 0,
            "p(90)": 0,
            "p(95)": 0,
            "avg": 0
        }
    },
    "root_group": {
        "id": "d41d8cd98f00b204e9800998ecf8427e",
        "groups": {},
        "checks": {
                "list status is not 5xx": {
                    "passes": 396,
                    "fails": 4,
                    "name": "list status is not 5xx",
                    "path": "::list status is not 5xx",
                    "id": "e130e3748b672814a3724db1808722b1"
                },
                "get status is not 5xx": {
                    "passes": 121,
                    "fails": 2,
                    "name": "get status is not 5xx",
                    "path": "::get status is not 5xx",
                    "id": "f3ac03993d4387fc921a0f07e3878707"
                },
                "create status is not 5xx": {
                    "id": "1dcb9767cabef635dcc38424c31a1f98",
                    "passes": 63,
                    "fails": 1,
                    "name": "create status is not 5xx",
                    "path": "::create status is not 5xx"
                }
            },
        "name": "",
        "path": ""
    }
}